{
  "Total" : {
    "transaction" : "Total",
    "sampleCount" : 300,
    "errorCount" : 0,
    "errorPct" : 0.0,
    "meanResTime" : 2423.9200000000005,
    "medianResTime" : 1598.5,
    "minResTime" : 61.0,
    "maxResTime" : 53076.0,
    "pct1ResTime" : 4718.7000000000035,
    "pct2ResTime" : 6031.799999999998,
    "pct3ResTime" : 17366.170000000042,
    "throughput" : 4.855468876444502,
    "receivedKBytesPerSec" : 450.1097727944032,
    "sentKBytesPerSec" : 0.6006113844560256
  },
  "blog" : {
    "transaction" : "blog",
    "sampleCount" : 100,
    "errorCount" : 0,
    "errorPct" : 0.0,
    "meanResTime" : 1580.5199999999998,
    "medianResTime" : 1174.0,
    "minResTime" : 93.0,
    "maxResTime" : 5845.0,
    "pct1ResTime" : 3284.600000000001,
    "pct2ResTime" : 4679.749999999989,
    "pct3ResTime" : 5840.819999999998,
    "throughput" : 1.6616263999202419,
    "receivedKBytesPerSec" : 115.11690904776344,
    "sentKBytesPerSec" : 0.20445793592768602
  },
  "HTTP Request" : {
    "transaction" : "HTTP Request",
    "sampleCount" : 100,
    "errorCount" : 0,
    "errorPct" : 0.0,
    "meanResTime" : 2369.3799999999983,
    "medianResTime" : 1799.5,
    "minResTime" : 205.0,
    "maxResTime" : 10903.0,
    "pct1ResTime" : 4899.7,
    "pct2ResTime" : 5909.299999999999,
    "pct3ResTime" : 10882.739999999989,
    "throughput" : 1.674228599172931,
    "receivedKBytesPerSec" : 180.84997708399604,
    "sentKBytesPerSec" : 0.21581853036213564
  },
  "home" : {
    "transaction" : "home",
    "sampleCount" : 100,
    "errorCount" : 0,
    "errorPct" : 0.0,
    "meanResTime" : 3321.8599999999988,
    "medianResTime" : 1827.0,
    "minResTime" : 61.0,
    "maxResTime" : 53076.0,
    "pct1ResTime" : 7271.900000000008,
    "pct2ResTime" : 9708.799999999987,
    "pct3ResTime" : 52737.94999999983,
    "throughput" : 1.6315076762436167,
    "receivedKBytesPerSec" : 164.46459335181015,
    "sentKBytesPerSec" : 0.19437884423996216
  }
}