{
  "Total" : {
    "transaction" : "Total",
    "sampleCount" : 100,
    "errorCount" : 0,
    "errorPct" : 0.0,
    "meanResTime" : 138.38,
    "medianResTime" : 131.0,
    "minResTime" : 121.0,
    "maxResTime" : 427.0,
    "pct1ResTime" : 146.8,
    "pct2ResTime" : 149.95,
    "pct3ResTime" : 426.7599999999999,
    "throughput" : 93.19664492078284,
    "receivedKBytesPerSec" : 74.08405172413794,
    "sentKBytesPerSec" : 17.201333876980428
  },
  "HTTP Request" : {
    "transaction" : "HTTP Request",
    "sampleCount" : 100,
    "errorCount" : 0,
    "errorPct" : 0.0,
    "meanResTime" : 138.38,
    "medianResTime" : 131.0,
    "minResTime" : 121.0,
    "maxResTime" : 427.0,
    "pct1ResTime" : 146.8,
    "pct2ResTime" : 149.95,
    "pct3ResTime" : 426.7599999999999,
    "throughput" : 93.19664492078284,
    "receivedKBytesPerSec" : 74.08405172413794,
    "sentKBytesPerSec" : 17.201333876980428
  }
}